from,to
女嫌い,单身女性的时代
单身女性的时代,black box
black box,那不勒斯四部曲
那不勒斯四部曲,面纱
面纱,A room of one’s own
A room of one’s own,第二性
第二性,碎片
碎片,再生缘
再生缘,呼兰河传
呼兰河传,little women
little women,Programmed inequality
Programmed inequality,家父長制と資本制
家父長制と資本制,记忆的性别：农村妇女和中国集体化历史
记忆的性别：农村妇女和中国集体化历史,阁楼上的疯女人
阁楼上的疯女人,三姊妹(契诃夫)
三姊妹(契诃夫),巴黎评论•女性作家访谈
巴黎评论•女性作家访谈,阅读浪漫小说
狂热分子,女嫌い
女嫌い,人类简史三部曲
人类简史三部曲,无缘社会
无缘社会,瘟疫与人
瘟疫与人,单身女性的时代
单身女性的时代,致愤青
致愤青,过劳时代
过劳时代,中国人的性格
中国人的性格,菊与刀
菊与刀,black box
black box,Bullshit jobs
Bullshit jobs,A room of one’s own
A room of one’s own,China’s forgotten people
China’s forgotten people,第二性
第二性,Tiananmen exiles
Tiananmen exiles,吾国与吾民
吾国与吾民,未烧书
未烧书,江上的母亲
江上的母亲,艾希曼在耶路撒冷：一份关于平庸的恶的报告
艾希曼在耶路撒冷：一份关于平庸的恶的报告,River town
River town,碎片
碎片,Oracle bones
Oracle bones,Programmed inequality
Programmed inequality,The gate of heavenly peace
The gate of heavenly peace,The power of the powerless
The power of the powerless,家父長制と資本制
家父長制と資本制,人的境况
人的境况,大地呻吟
大地呻吟,中国国家治理的制度逻辑
中国国家治理的制度逻辑,累赘
累赘,记忆的性别：农村妇女和中国集体化历史
阁楼上的疯女人,鲁迅全集
鲁迅全集,巴黎评论•女性作家访谈
巴黎评论•女性作家访谈,利维坦
利维坦,乡土中国
乡土中国,单向度的人
单向度的人,论革命
鼠疫,那不勒斯四部曲
面纱,局外人
局外人,To kill a mocking bird
To kill a mocking bird,再生缘
little women,Lud in the mist
Lud in the mist,我这一辈子
我这一辈子,叫魂
叫魂,三言二拍•喻世明言
三言二拍•喻世明言,西游记
西游记,鲁迅全集
鲁迅全集,Disturbing the peace
Disturbing the peace,To the lighthouse
To the lighthouse,おらおらでひとりいぐも
おらおらでひとりいぐも,三姊妹(契诃夫)
三姊妹(契诃夫),禅与摩托车维修艺术
禅与摩托车维修艺术,八百万种死法
八百万种死法,尘埃落定
尘埃落定,阅读浪漫小说
中国人的性格,China’s forgotten people
China’s forgotten people,Tiananmen exiles
江上的母亲,River town
River town,再生缘
呼兰河传,Oracle bones
Oracle bones,The gate of heavenly peace
The gate of heavenly peace,我这一辈子
三言二拍•喻世明言,大地呻吟
中国国家治理的制度逻辑,记忆的性别：农村妇女和中国集体化历史
记忆的性别：农村妇女和中国集体化历史,鲁迅全集
鲁迅全集,乡土中国
过劳时代,Bullshit jobs
Bullshit jobs,Programmed inequality
Tiananmen exiles,To kill a mocking bird
To kill a mocking bird,River town
River town,little women
Lud in the mist,Oracle bones
The power of the powerless,Disturbing the peace
女嫌い,black box
black box,家父長制と資本制
家父長制と資本制,おらおらでひとりいぐも
狂热分子,人类简史三部曲
瘟疫与人,过劳时代
菊与刀,吾国与吾民
吾国与吾民,To kill a mocking bird
To kill a mocking bird,江上的母亲
艾希曼在耶路撒冷：一份关于平庸的恶的报告,呼兰河传
Programmed inequality,The power of the powerless
家父長制と資本制,我这一辈子
三言二拍•喻世明言,人的境况
人的境况,累赘
人类简史三部曲,瘟疫与人
瘟疫与人,菊与刀
菊与刀,China’s forgotten people
River town,Oracle bones
家父長制と資本制,叫魂
叫魂,大地呻吟
鲁迅全集,利维坦
利维坦,论革命
局外人,A room of one’s own
A room of one’s own,River town
呼兰河传,我这一辈子
我这一辈子,鲁迅全集
鲁迅全集,To the lighthouse
To the lighthouse,八百万种死法
